{"N": 100, "P": 30, "sigmaY": 1.0, "beta0": 0.0, "beta": [-0.8647221257535253, -0.5061621032879359, -0.7309248132643557, -3.290599421536441, -0.13308923005294493, 0.49916896223559165, 3.7645886956774244, 4.911389432187403, -1.6724459877352131, 0.24824477511629467, 0.0026492957802704002, -0.3226666923094198, 0.2528408599928659, -0.052604706528735286, 1.032523720924841, 2.7588368252813567, 0.19994062747805047, 1.6587978737911502, -2.1156249967315772, 0.007997491500419873, 0.55615406306915, -0.25294143687989085, 1.3486975941756663, 0.18437218757497345, 0.23277506636630207, -0.6085783557038635, -2.2375685909737055, -1.9662242884135692, -4.2334094807486595, -0.19268925237152754]}